level;played_times;high_score
EASY - 1;18;100.0
EASY - 2;2;100.0
EASY - 3;1;100.0
EASY - 4;2;100.0
EASY - RANDOM;0;0.0
MEDIUM - 1;15;99.6795840336899
MEDIUM - 2;3;98.09839710941002
MEDIUM - 3;2;97.55395073488248
MEDIUM - 4;1;93.78276364688662
MEDIUM - RANDOM;0;0.0
HARD - 1;1;96.21071649927748
HARD - 2;7;100.0
HARD - 3;1;98.79835567119832
HARD - 4;1;99.00479899635559
HARD - RANDOM;0;0.0
