level;played_times;high_score
EASY - 1;3;100.0
EASY - 2;3;100.0
EASY - 3;3;100.0
EASY - 4;3;101.04672208399124
EASY - RANDOM;9;100.0
MEDIUM - 1;2;98.9631128069423
MEDIUM - 2;2;100.0
MEDIUM - 3;1;100.0
MEDIUM - 4;1;100.0
MEDIUM - RANDOM;1;77.37267072142285
HARD - 1;1;100.0
HARD - 2;1;96.25387962073894
HARD - 3;1;99.15030914652998
HARD - 4;1;100.0
HARD - RANDOM;2;98.97560710544798